{
    "owner": "FemboyLover_Oct28Test",
    "cashbalance_start": 10000000.0,
    "cashbalance": 23223592.74974985,
    "realized": 13223592.749749962,
    "stocksList": [],
    "No_win": 1655,
    "No_sell": 1659,
    "prevousDay_maxDD": -5.157458177015487
}