{
    "owner": "FemboyLover",
    "cashbalance_start": 19505081.715361852,
    "cashbalance": 19885997.467717458,
    "realized": 9885997.467717288,
    "stocksList": [],
    "No_win": 1186,
    "No_sell": 1411,
    "prevousDay_maxDD": -5.183796459837663
}