{
    "owner": "FemboyLover_Hybrid",
    "cashbalance_start": 19530637.16698454,
    "cashbalance": 19782312.16889804,
    "realized": 9782312.16889792,
    "stocksList": [],
    "No_win": 969,
    "No_sell": 1000,
    "prevousDay_maxDD": -6.256365553946236
}